--
-- PostgreSQL database dump
--

SET statement_timeout = 0;
SET client_encoding = 'UTF8';
SET standard_conforming_strings = on;
SET check_function_bodies = false;
SET client_min_messages = warning;

SET search_path = system, pg_catalog;

--
-- Data for Name: appgroup; Type: TABLE DATA; Schema: system; Owner: postgres
--

SET SESSION AUTHORIZATION DEFAULT;

ALTER TABLE appgroup DISABLE TRIGGER ALL;

INSERT INTO appgroup (id, name, description) VALUES ('super-group-id', 'Super group', 'This is a group of users that has right in anything. It is used in developement. In production must be removed.');
INSERT INTO appgroup (id, name, description) VALUES ('CommunityRecorders', 'Community recorders', 'Community recorders users, who can submit claims');
INSERT INTO appgroup (id, name, description) VALUES ('claim-moderators', 'Claim moderators', 'Group for users who can moderate claims, submitted by community recorders');
INSERT INTO appgroup (id, name, description) VALUES ('claim-reviewers', 'Claim reviewers', 'Claim reviewers');
INSERT INTO appgroup (id, name, description) VALUES ('CommunityMembers', 'Community members', 'Community memebers, who can view claims');
INSERT INTO appgroup (id, name, description) VALUES ('ff94bfad-7079-41ea-bf4b-6962e36cad1f', 'Test Classifications', NULL);


ALTER TABLE appgroup ENABLE TRIGGER ALL;

--
-- Data for Name: approle_appgroup; Type: TABLE DATA; Schema: system; Owner: postgres
--

ALTER TABLE approle_appgroup DISABLE TRIGGER ALL;

INSERT INTO approle_appgroup (approle_code, appgroup_id, rowidentifier, rowversion, change_action, change_user, change_time) VALUES ('ApplnEdit', 'super-group-id', 'be35b284-99dd-11e3-8e17-1b1ace45a197', 1, 'i', 'db:postgres', '2014-02-20 16:19:00.912');
INSERT INTO approle_appgroup (approle_code, appgroup_id, rowidentifier, rowversion, change_action, change_user, change_time) VALUES ('SourceSave', 'super-group-id', 'be37ae5e-99dd-11e3-ab3e-0fdfb55fc8f9', 1, 'i', 'db:postgres', '2014-02-20 16:19:00.912');
INSERT INTO approle_appgroup (approle_code, appgroup_id, rowidentifier, rowversion, change_action, change_user, change_time) VALUES ('RHSave', 'super-group-id', 'be37fc7e-99dd-11e3-9f1f-3b8feb1de6e3', 1, 'i', 'db:postgres', '2014-02-20 16:19:00.912');
INSERT INTO approle_appgroup (approle_code, appgroup_id, rowidentifier, rowversion, change_action, change_user, change_time) VALUES ('BaunitSave', 'super-group-id', 'be384a9e-99dd-11e3-ab5c-5bc965cc7e7a', 1, 'i', 'db:postgres', '2014-02-20 16:19:00.912');
INSERT INTO approle_appgroup (approle_code, appgroup_id, rowidentifier, rowversion, change_action, change_user, change_time) VALUES ('newDigitalTitle', 'super-group-id', 'be3871ae-99dd-11e3-81f3-03c2ac371b43', 1, 'i', 'db:postgres', '2014-02-20 16:19:00.912');
INSERT INTO approle_appgroup (approle_code, appgroup_id, rowidentifier, rowversion, change_action, change_user, change_time) VALUES ('ApplnView', 'super-group-id', 'be38bfce-99dd-11e3-83a5-cf3409079481', 1, 'i', 'db:postgres', '2014-02-20 16:19:00.912');
INSERT INTO approle_appgroup (approle_code, appgroup_id, rowidentifier, rowversion, change_action, change_user, change_time) VALUES ('ApplnUnassignOthers', 'super-group-id', 'be38e6de-99dd-11e3-95bd-9770ac5860df', 1, 'i', 'db:postgres', '2014-02-20 16:19:00.912');
INSERT INTO approle_appgroup (approle_code, appgroup_id, rowidentifier, rowversion, change_action, change_user, change_time) VALUES ('ApplnDispatch', 'super-group-id', 'be390dee-99dd-11e3-8363-2be6343e5ee2', 1, 'i', 'db:postgres', '2014-02-20 16:19:00.912');
INSERT INTO approle_appgroup (approle_code, appgroup_id, rowidentifier, rowversion, change_action, change_user, change_time) VALUES ('SourceSearch', 'super-group-id', 'be3934fe-99dd-11e3-81e6-ff925fc58f63', 1, 'i', 'db:postgres', '2014-02-20 16:19:00.912');
INSERT INTO approle_appgroup (approle_code, appgroup_id, rowidentifier, rowversion, change_action, change_user, change_time) VALUES ('ParcelSave', 'super-group-id', 'be395c0e-99dd-11e3-95ce-0f471bdd1a3c', 1, 'i', 'db:postgres', '2014-02-20 16:19:00.912');
INSERT INTO approle_appgroup (approle_code, appgroup_id, rowidentifier, rowversion, change_action, change_user, change_time) VALUES ('PartySave', 'super-group-id', 'be398328-99dd-11e3-ba89-739b74f32793', 1, 'i', 'db:postgres', '2014-02-20 16:19:00.912');
INSERT INTO approle_appgroup (approle_code, appgroup_id, rowidentifier, rowversion, change_action, change_user, change_time) VALUES ('cadastrePrint', 'super-group-id', 'be39aa38-99dd-11e3-9048-371578945fa5', 1, 'i', 'db:postgres', '2014-02-20 16:19:00.912');
INSERT INTO approle_appgroup (approle_code, appgroup_id, rowidentifier, rowversion, change_action, change_user, change_time) VALUES ('newOwnership', 'super-group-id', 'be39d148-99dd-11e3-97f9-d7ceb07710ef', 1, 'i', 'db:postgres', '2014-02-20 16:19:00.912');
INSERT INTO approle_appgroup (approle_code, appgroup_id, rowidentifier, rowversion, change_action, change_user, change_time) VALUES ('documentCopy', 'super-group-id', 'be39d148-99dd-11e3-8579-e3b27f46e726', 1, 'i', 'db:postgres', '2014-02-20 16:19:00.912');
INSERT INTO approle_appgroup (approle_code, appgroup_id, rowidentifier, rowversion, change_action, change_user, change_time) VALUES ('varyLease', 'super-group-id', 'be39f858-99dd-11e3-a111-ef4dca888f7e', 1, 'i', 'db:postgres', '2014-02-20 16:19:00.912');
INSERT INTO approle_appgroup (approle_code, appgroup_id, rowidentifier, rowversion, change_action, change_user, change_time) VALUES ('RightsExport', 'super-group-id', 'be3a1f68-99dd-11e3-96c8-6bb4cf2d8e4c', 1, 'i', 'db:postgres', '2014-02-20 16:19:00.912');
INSERT INTO approle_appgroup (approle_code, appgroup_id, rowidentifier, rowversion, change_action, change_user, change_time) VALUES ('ApplnUnassignSelf', 'super-group-id', 'be3a4678-99dd-11e3-abb5-d7c1555810bb', 1, 'i', 'db:postgres', '2014-02-20 16:19:00.912');
INSERT INTO approle_appgroup (approle_code, appgroup_id, rowidentifier, rowversion, change_action, change_user, change_time) VALUES ('SourcePrint', 'super-group-id', 'be3a6d88-99dd-11e3-a714-9348875b49ba', 1, 'i', 'db:postgres', '2014-02-20 16:19:00.912');
INSERT INTO approle_appgroup (approle_code, appgroup_id, rowidentifier, rowversion, change_action, change_user, change_time) VALUES ('ExportMap', 'super-group-id', 'be3a9498-99dd-11e3-be27-277f11e0107e', 1, 'i', 'db:postgres', '2014-02-20 16:19:00.912');
INSERT INTO approle_appgroup (approle_code, appgroup_id, rowidentifier, rowversion, change_action, change_user, change_time) VALUES ('BaunitSearch', 'super-group-id', 'be3abba8-99dd-11e3-9497-3b28e1959885', 1, 'i', 'db:postgres', '2014-02-20 16:19:00.912');
INSERT INTO approle_appgroup (approle_code, appgroup_id, rowidentifier, rowversion, change_action, change_user, change_time) VALUES ('newFreehold', 'super-group-id', 'be3ae2b8-99dd-11e3-97e6-8f45a4d555f9', 1, 'i', 'db:postgres', '2014-02-20 16:19:00.912');
INSERT INTO approle_appgroup (approle_code, appgroup_id, rowidentifier, rowversion, change_action, change_user, change_time) VALUES ('ManageBR', 'super-group-id', 'be3b09c8-99dd-11e3-beaf-0f51942e145e', 1, 'i', 'db:postgres', '2014-02-20 16:19:00.912');
INSERT INTO approle_appgroup (approle_code, appgroup_id, rowidentifier, rowversion, change_action, change_user, change_time) VALUES ('ViewMap', 'super-group-id', 'be3b30d8-99dd-11e3-b151-43f166b2f9ca', 1, 'i', 'db:postgres', '2014-02-20 16:19:00.912');
INSERT INTO approle_appgroup (approle_code, appgroup_id, rowidentifier, rowversion, change_action, change_user, change_time) VALUES ('lodgeObjection', 'super-group-id', 'be3b30d8-99dd-11e3-9a92-934c3732f30b', 1, 'i', 'db:postgres', '2014-02-20 16:19:00.912');
INSERT INTO approle_appgroup (approle_code, appgroup_id, rowidentifier, rowversion, change_action, change_user, change_time) VALUES ('servitude', 'super-group-id', 'be3b57e8-99dd-11e3-8561-43f3abce7cf9', 1, 'i', 'db:postgres', '2014-02-20 16:19:00.912');
INSERT INTO approle_appgroup (approle_code, appgroup_id, rowidentifier, rowversion, change_action, change_user, change_time) VALUES ('PartySearch', 'super-group-id', 'be3b7ef8-99dd-11e3-ad3d-efd661357772', 1, 'i', 'db:postgres', '2014-02-20 16:19:00.912');
INSERT INTO approle_appgroup (approle_code, appgroup_id, rowidentifier, rowversion, change_action, change_user, change_time) VALUES ('historicOrder', 'super-group-id', 'be3ba608-99dd-11e3-9afc-5329cffa47ae', 1, 'i', 'db:postgres', '2014-02-20 16:19:00.912');
INSERT INTO approle_appgroup (approle_code, appgroup_id, rowidentifier, rowversion, change_action, change_user, change_time) VALUES ('systematicRegn', 'super-group-id', 'be3bcd18-99dd-11e3-9b02-bf0ac4a794c8', 1, 'i', 'db:postgres', '2014-02-20 16:19:00.912');
INSERT INTO approle_appgroup (approle_code, appgroup_id, rowidentifier, rowversion, change_action, change_user, change_time) VALUES ('removeRestriction', 'super-group-id', 'be3bf428-99dd-11e3-819e-37f517b49261', 1, 'i', 'db:postgres', '2014-02-20 16:19:00.912');
INSERT INTO approle_appgroup (approle_code, appgroup_id, rowidentifier, rowversion, change_action, change_user, change_time) VALUES ('ApplnResubmit', 'super-group-id', 'be3c1b38-99dd-11e3-805e-0b401e2c096e', 1, 'i', 'db:postgres', '2014-02-20 16:19:00.912');
INSERT INTO approle_appgroup (approle_code, appgroup_id, rowidentifier, rowversion, change_action, change_user, change_time) VALUES ('ApplnCreate', 'super-group-id', 'be3c1b38-99dd-11e3-a16d-ab5abc6b4a8d', 1, 'i', 'db:postgres', '2014-02-20 16:19:00.912');
INSERT INTO approle_appgroup (approle_code, appgroup_id, rowidentifier, rowversion, change_action, change_user, change_time) VALUES ('mortgage', 'super-group-id', 'be3c4252-99dd-11e3-a5ff-3be2b662f009', 1, 'i', 'db:postgres', '2014-02-20 16:19:00.912');
INSERT INTO approle_appgroup (approle_code, appgroup_id, rowidentifier, rowversion, change_action, change_user, change_time) VALUES ('registerLease', 'super-group-id', 'be3c6962-99dd-11e3-962f-8b5c1490d936', 1, 'i', 'db:postgres', '2014-02-20 16:19:00.912');
INSERT INTO approle_appgroup (approle_code, appgroup_id, rowidentifier, rowversion, change_action, change_user, change_time) VALUES ('caveat', 'super-group-id', 'be3c9072-99dd-11e3-88f9-f7819f3e21c9', 1, 'i', 'db:postgres', '2014-02-20 16:19:00.912');
INSERT INTO approle_appgroup (approle_code, appgroup_id, rowidentifier, rowversion, change_action, change_user, change_time) VALUES ('removeCaveat', 'super-group-id', 'be3cb782-99dd-11e3-acea-eb6c66630d07', 1, 'i', 'db:postgres', '2014-02-20 16:19:00.912');
INSERT INTO approle_appgroup (approle_code, appgroup_id, rowidentifier, rowversion, change_action, change_user, change_time) VALUES ('surveyPlanCopy', 'super-group-id', 'be3cde92-99dd-11e3-ac4a-4327f6ee3548', 1, 'i', 'db:postgres', '2014-02-20 16:19:00.912');
INSERT INTO approle_appgroup (approle_code, appgroup_id, rowidentifier, rowversion, change_action, change_user, change_time) VALUES ('varyMortgage', 'super-group-id', 'be3d05a2-99dd-11e3-8f6c-abe0810450dc', 1, 'i', 'db:postgres', '2014-02-20 16:19:00.912');
INSERT INTO approle_appgroup (approle_code, appgroup_id, rowidentifier, rowversion, change_action, change_user, change_time) VALUES ('varyCaveat', 'super-group-id', 'be3d2cb2-99dd-11e3-b77f-1366b7b48653', 1, 'i', 'db:postgres', '2014-02-20 16:19:00.912');
INSERT INTO approle_appgroup (approle_code, appgroup_id, rowidentifier, rowversion, change_action, change_user, change_time) VALUES ('CompleteService', 'super-group-id', 'be3d53c2-99dd-11e3-ada1-effcd3498be7', 1, 'i', 'db:postgres', '2014-02-20 16:19:00.912');
INSERT INTO approle_appgroup (approle_code, appgroup_id, rowidentifier, rowversion, change_action, change_user, change_time) VALUES ('CancelService', 'super-group-id', 'be3d53c2-99dd-11e3-a168-3fa78ed19d05', 1, 'i', 'db:postgres', '2014-02-20 16:19:00.912');
INSERT INTO approle_appgroup (approle_code, appgroup_id, rowidentifier, rowversion, change_action, change_user, change_time) VALUES ('ApplnValidate', 'super-group-id', 'be3d7ad2-99dd-11e3-8338-2ff182201c03', 1, 'i', 'db:postgres', '2014-02-20 16:19:00.912');
INSERT INTO approle_appgroup (approle_code, appgroup_id, rowidentifier, rowversion, change_action, change_user, change_time) VALUES ('redefineCadastre', 'super-group-id', 'be3da1e2-99dd-11e3-9160-d786dc2dff87', 1, 'i', 'db:postgres', '2014-02-20 16:19:00.912');
INSERT INTO approle_appgroup (approle_code, appgroup_id, rowidentifier, rowversion, change_action, change_user, change_time) VALUES ('serviceEnquiry', 'super-group-id', 'be3dc8f2-99dd-11e3-8615-7f3225f9eb04', 1, 'i', 'db:postgres', '2014-02-20 16:19:00.912');
INSERT INTO approle_appgroup (approle_code, appgroup_id, rowidentifier, rowversion, change_action, change_user, change_time) VALUES ('RevertService', 'super-group-id', 'be3df002-99dd-11e3-86a8-230b6eaa7982', 1, 'i', 'db:postgres', '2014-02-20 16:19:00.912');
INSERT INTO approle_appgroup (approle_code, appgroup_id, rowidentifier, rowversion, change_action, change_user, change_time) VALUES ('NoPasswordExpiry', 'super-group-id', 'be3e1712-99dd-11e3-9b9a-cbc46ce463f0', 1, 'i', 'db:postgres', '2014-02-20 16:19:00.912');
INSERT INTO approle_appgroup (approle_code, appgroup_id, rowidentifier, rowversion, change_action, change_user, change_time) VALUES ('ApplnAssignOthers', 'super-group-id', 'be3e3e22-99dd-11e3-8989-b767ea63704b', 1, 'i', 'db:postgres', '2014-02-20 16:19:00.912');
INSERT INTO approle_appgroup (approle_code, appgroup_id, rowidentifier, rowversion, change_action, change_user, change_time) VALUES ('ApplnWithdraw', 'super-group-id', 'be3e6532-99dd-11e3-b643-c361a16efeb4', 1, 'i', 'db:postgres', '2014-02-20 16:19:00.912');
INSERT INTO approle_appgroup (approle_code, appgroup_id, rowidentifier, rowversion, change_action, change_user, change_time) VALUES ('titleSearch', 'super-group-id', 'be3e8c42-99dd-11e3-bba8-8f1f78a9e134', 1, 'i', 'db:postgres', '2014-02-20 16:19:00.912');
INSERT INTO approle_appgroup (approle_code, appgroup_id, rowidentifier, rowversion, change_action, change_user, change_time) VALUES ('ApplnReject', 'super-group-id', 'be3eb352-99dd-11e3-926a-6f8ea6c64eef', 1, 'i', 'db:postgres', '2014-02-20 16:19:00.912');
INSERT INTO approle_appgroup (approle_code, appgroup_id, rowidentifier, rowversion, change_action, change_user, change_time) VALUES ('DashbrdViewUnassign', 'super-group-id', 'be3eda6c-99dd-11e3-95ec-efecd21e6657', 1, 'i', 'db:postgres', '2014-02-20 16:19:00.912');
INSERT INTO approle_appgroup (approle_code, appgroup_id, rowidentifier, rowversion, change_action, change_user, change_time) VALUES ('PrintMap', 'super-group-id', 'be3f017c-99dd-11e3-97c5-2343e89a91c3', 1, 'i', 'db:postgres', '2014-02-20 16:19:00.912');
INSERT INTO approle_appgroup (approle_code, appgroup_id, rowidentifier, rowversion, change_action, change_user, change_time) VALUES ('BaunitCertificate', 'super-group-id', 'be3f017c-99dd-11e3-ae1e-6ff2de66ec9d', 1, 'i', 'db:postgres', '2014-02-20 16:19:00.912');
INSERT INTO approle_appgroup (approle_code, appgroup_id, rowidentifier, rowversion, change_action, change_user, change_time) VALUES ('ReportGenerate', 'super-group-id', 'be3f288c-99dd-11e3-afbf-bb2050e5ef22', 1, 'i', 'db:postgres', '2014-02-20 16:19:00.912');
INSERT INTO approle_appgroup (approle_code, appgroup_id, rowidentifier, rowversion, change_action, change_user, change_time) VALUES ('regnOnTitle', 'super-group-id', 'be3f4f9c-99dd-11e3-903d-0bc1819ef2ed', 1, 'i', 'db:postgres', '2014-02-20 16:19:00.912');
INSERT INTO approle_appgroup (approle_code, appgroup_id, rowidentifier, rowversion, change_action, change_user, change_time) VALUES ('varyRight', 'super-group-id', 'be3f76ac-99dd-11e3-96e1-9772426317d5', 1, 'i', 'db:postgres', '2014-02-20 16:19:00.912');
INSERT INTO approle_appgroup (approle_code, appgroup_id, rowidentifier, rowversion, change_action, change_user, change_time) VALUES ('cnclStandardDocument', 'super-group-id', 'be3f9dbc-99dd-11e3-89bc-bb43e7d2b169', 1, 'i', 'db:postgres', '2014-02-20 16:19:00.912');
INSERT INTO approle_appgroup (approle_code, appgroup_id, rowidentifier, rowversion, change_action, change_user, change_time) VALUES ('ManageSettings', 'super-group-id', 'be3fc4cc-99dd-11e3-86a1-27716dc68756', 1, 'i', 'db:postgres', '2014-02-20 16:19:00.912');
INSERT INTO approle_appgroup (approle_code, appgroup_id, rowidentifier, rowversion, change_action, change_user, change_time) VALUES ('ManageSecurity', 'super-group-id', 'be3febdc-99dd-11e3-8812-fb80415cc5a5', 1, 'i', 'db:postgres', '2014-02-20 16:19:00.912');
INSERT INTO approle_appgroup (approle_code, appgroup_id, rowidentifier, rowversion, change_action, change_user, change_time) VALUES ('ApplnAssignSelf', 'super-group-id', 'be4012ec-99dd-11e3-9f72-a32cce304e5b', 1, 'i', 'db:postgres', '2014-02-20 16:19:00.912');
INSERT INTO approle_appgroup (approle_code, appgroup_id, rowidentifier, rowversion, change_action, change_user, change_time) VALUES ('ApplnStatus', 'super-group-id', 'be4039fc-99dd-11e3-92ff-17ecc5e3855e', 1, 'i', 'db:postgres', '2014-02-20 16:19:00.912');
INSERT INTO approle_appgroup (approle_code, appgroup_id, rowidentifier, rowversion, change_action, change_user, change_time) VALUES ('ApplnRequisition', 'super-group-id', 'be40610c-99dd-11e3-8e4e-b3c0181d3a97', 1, 'i', 'db:postgres', '2014-02-20 16:19:00.912');
INSERT INTO approle_appgroup (approle_code, appgroup_id, rowidentifier, rowversion, change_action, change_user, change_time) VALUES ('BulkApplication', 'super-group-id', 'be40881c-99dd-11e3-a60a-7b88b2957043', 1, 'i', 'db:postgres', '2014-02-20 16:19:00.912');
INSERT INTO approle_appgroup (approle_code, appgroup_id, rowidentifier, rowversion, change_action, change_user, change_time) VALUES ('TransactionCommit', 'super-group-id', 'be40af2c-99dd-11e3-9f22-8b245d4b3256', 1, 'i', 'db:postgres', '2014-02-20 16:19:00.912');
INSERT INTO approle_appgroup (approle_code, appgroup_id, rowidentifier, rowversion, change_action, change_user, change_time) VALUES ('cnclPowerOfAttorney', 'super-group-id', 'be40af2c-99dd-11e3-8c37-4f56ce8d45a1', 1, 'i', 'db:postgres', '2014-02-20 16:19:00.912');
INSERT INTO approle_appgroup (approle_code, appgroup_id, rowidentifier, rowversion, change_action, change_user, change_time) VALUES ('cadastreChange', 'super-group-id', 'be40d63c-99dd-11e3-8e45-23e1aa859527', 1, 'i', 'db:postgres', '2014-02-20 16:19:00.912');
INSERT INTO approle_appgroup (approle_code, appgroup_id, rowidentifier, rowversion, change_action, change_user, change_time) VALUES ('newApartment', 'super-group-id', 'be40fd4c-99dd-11e3-ae3c-c3b670bfbb5a', 1, 'i', 'db:postgres', '2014-02-20 16:19:00.912');
INSERT INTO approle_appgroup (approle_code, appgroup_id, rowidentifier, rowversion, change_action, change_user, change_time) VALUES ('regnStandardDocument', 'super-group-id', 'be41245c-99dd-11e3-951c-b709155504de', 1, 'i', 'db:postgres', '2014-02-20 16:19:00.912');
INSERT INTO approle_appgroup (approle_code, appgroup_id, rowidentifier, rowversion, change_action, change_user, change_time) VALUES ('ApplnArchive', 'super-group-id', 'be414b6c-99dd-11e3-a7fb-c75a5ebcd52e', 1, 'i', 'db:postgres', '2014-02-20 16:19:00.912');
INSERT INTO approle_appgroup (approle_code, appgroup_id, rowidentifier, rowversion, change_action, change_user, change_time) VALUES ('removeRight', 'super-group-id', 'be41727c-99dd-11e3-9e32-7f2f12b3024f', 1, 'i', 'db:postgres', '2014-02-20 16:19:00.912');
INSERT INTO approle_appgroup (approle_code, appgroup_id, rowidentifier, rowversion, change_action, change_user, change_time) VALUES ('ChangePassword', 'super-group-id', 'be419996-99dd-11e3-8b35-77b8c207d13b', 1, 'i', 'db:postgres', '2014-02-20 16:19:00.912');
INSERT INTO approle_appgroup (approle_code, appgroup_id, rowidentifier, rowversion, change_action, change_user, change_time) VALUES ('ManageRefdata', 'super-group-id', 'be419996-99dd-11e3-8513-a728bd470770', 1, 'i', 'db:postgres', '2014-02-20 16:19:00.912');
INSERT INTO approle_appgroup (approle_code, appgroup_id, rowidentifier, rowversion, change_action, change_user, change_time) VALUES ('StartService', 'super-group-id', 'be41c0a6-99dd-11e3-91e8-8b58f4dc2c3b', 1, 'i', 'db:postgres', '2014-02-20 16:19:00.912');
INSERT INTO approle_appgroup (approle_code, appgroup_id, rowidentifier, rowversion, change_action, change_user, change_time) VALUES ('mapExistingParcel', 'super-group-id', 'be41e7b6-99dd-11e3-9434-17054171bef3', 1, 'i', 'db:postgres', '2014-02-20 16:19:00.912');
INSERT INTO approle_appgroup (approle_code, appgroup_id, rowidentifier, rowversion, change_action, change_user, change_time) VALUES ('DashbrdViewAssign', 'super-group-id', 'be420ec6-99dd-11e3-b09c-5fdcbfb92dfd', 1, 'i', 'db:postgres', '2014-02-20 16:19:00.912');
INSERT INTO approle_appgroup (approle_code, appgroup_id, rowidentifier, rowversion, change_action, change_user, change_time) VALUES ('cancelProperty', 'super-group-id', 'be4235d6-99dd-11e3-ae6d-6f328598a436', 1, 'i', 'db:postgres', '2014-02-20 16:19:00.912');
INSERT INTO approle_appgroup (approle_code, appgroup_id, rowidentifier, rowversion, change_action, change_user, change_time) VALUES ('buildingRestriction', 'super-group-id', 'be425ce6-99dd-11e3-b3af-bf0ad2e1eafe', 1, 'i', 'db:postgres', '2014-02-20 16:19:00.912');
INSERT INTO approle_appgroup (approle_code, appgroup_id, rowidentifier, rowversion, change_action, change_user, change_time) VALUES ('limtedRoadAccess', 'super-group-id', 'be4283f6-99dd-11e3-9a44-931a6bb6ee32', 1, 'i', 'db:postgres', '2014-02-20 16:19:00.912');
INSERT INTO approle_appgroup (approle_code, appgroup_id, rowidentifier, rowversion, change_action, change_user, change_time) VALUES ('regnPowerOfAttorney', 'super-group-id', 'be42ab06-99dd-11e3-b30b-1f8b47e0d5ff', 1, 'i', 'db:postgres', '2014-02-20 16:19:00.912');
INSERT INTO approle_appgroup (approle_code, appgroup_id, rowidentifier, rowversion, change_action, change_user, change_time) VALUES ('ApplnApprove', 'super-group-id', 'be42d216-99dd-11e3-919f-57cc413df0e7', 1, 'i', 'db:postgres', '2014-02-20 16:19:00.912');
INSERT INTO approle_appgroup (approle_code, appgroup_id, rowidentifier, rowversion, change_action, change_user, change_time) VALUES ('consolidationExt', 'super-group-id', 'be42f926-99dd-11e3-9c66-1bba97c850af', 1, 'i', 'db:postgres', '2014-02-20 16:19:00.912');
INSERT INTO approle_appgroup (approle_code, appgroup_id, rowidentifier, rowversion, change_action, change_user, change_time) VALUES ('consolidationCons', 'super-group-id', 'be432036-99dd-11e3-a806-e3af0fb1848a', 1, 'i', 'db:postgres', '2014-02-20 16:19:00.912');
INSERT INTO approle_appgroup (approle_code, appgroup_id, rowidentifier, rowversion, change_action, change_user, change_time) VALUES ('AccessCS', 'CommunityRecorders', 'ea10c034-b845-11e3-b045-db6f34a547f8', 1, 'i', 'db:postgres', '2014-03-31 02:00:16.97');
INSERT INTO approle_appgroup (approle_code, appgroup_id, rowidentifier, rowversion, change_action, change_user, change_time) VALUES ('AccessCS', 'super-group-id', '65dfc8ea-cc69-11e3-999c-53ccd0502f3a', 1, 'i', 'db:postgres', '2014-04-25 17:04:40.353');
INSERT INTO approle_appgroup (approle_code, appgroup_id, rowidentifier, rowversion, change_action, change_user, change_time) VALUES ('ModerateClaim', 'claim-moderators', '0c36e100-eb60-11e3-9533-178ebeef4b74', 1, 'i', 'db:postgres', '2014-06-04 02:45:50.554');
INSERT INTO approle_appgroup (approle_code, appgroup_id, rowidentifier, rowversion, change_action, change_user, change_time) VALUES ('AccessCS', 'claim-moderators', '0c45d552-eb60-11e3-809a-d76734fbffdd', 1, 'i', 'db:postgres', '2014-06-04 02:45:50.554');
INSERT INTO approle_appgroup (approle_code, appgroup_id, rowidentifier, rowversion, change_action, change_user, change_time) VALUES ('RecordClaim', 'CommunityRecorders', '4670a0b0-1ba1-11e4-9bde-73a6b8c95aee', 1, 'i', 'db:postgres', '2014-08-04 12:33:40.723');
INSERT INTO approle_appgroup (approle_code, appgroup_id, rowidentifier, rowversion, change_action, change_user, change_time) VALUES ('RecordClaim', 'super-group-id', '467338ca-1ba1-11e4-841c-bba6c14ffbb3', 1, 'i', 'db:postgres', '2014-08-04 12:33:40.723');
INSERT INTO approle_appgroup (approle_code, appgroup_id, rowidentifier, rowversion, change_action, change_user, change_time) VALUES ('ReviewClaim', 'super-group-id', '467386ea-1ba1-11e4-bde7-0b769093a89f', 1, 'i', 'db:postgres', '2014-08-04 12:33:40.723');
INSERT INTO approle_appgroup (approle_code, appgroup_id, rowidentifier, rowversion, change_action, change_user, change_time) VALUES ('ReviewClaim', 'claim-reviewers', '4673adfa-1ba1-11e4-bc93-17aba8d6daed', 1, 'i', 'db:postgres', '2014-08-04 12:33:40.723');
INSERT INTO approle_appgroup (approle_code, appgroup_id, rowidentifier, rowversion, change_action, change_user, change_time) VALUES ('AccessCS', 'claim-reviewers', '4673d50a-1ba1-11e4-a1f9-ef941a7b9d3f', 1, 'i', 'db:postgres', '2014-08-04 12:33:40.723');
INSERT INTO approle_appgroup (approle_code, appgroup_id, rowidentifier, rowversion, change_action, change_user, change_time) VALUES ('ApplnTransfer', 'super-group-id', '3b198aa0-418b-11e4-b58e-d3d7bce06a55', 1, 'i', 'db:postgres', '2014-09-21 14:31:37.565');
INSERT INTO approle_appgroup (approle_code, appgroup_id, rowidentifier, rowversion, change_action, change_user, change_time) VALUES ('AccessCS', 'CommunityMembers', 'ac3503a8-bb9e-11e4-b25d-777354e14c1e', 1, 'i', 'db:postgres', '2015-02-24 02:58:09.586');
INSERT INTO approle_appgroup (approle_code, appgroup_id, rowidentifier, rowversion, change_action, change_user, change_time) VALUES ('recordRelationship', 'super-group-id', 'dae15ccc-bc18-11e4-b6c9-c3288b8e6f5f', 1, 'i', 'db:postgres', '2015-02-24 12:32:46.539');
INSERT INTO approle_appgroup (approle_code, appgroup_id, rowidentifier, rowversion, change_action, change_user, change_time) VALUES ('cancelRelationship', 'super-group-id', 'cc47f572-bc18-11e4-840d-6705f37b1056', 1, 'i', 'db:postgres', '2015-02-24 12:32:22.045');
INSERT INTO approle_appgroup (approle_code, appgroup_id, rowidentifier, rowversion, change_action, change_user, change_time) VALUES ('ChangeSecClass', 'super-group-id', 'c1421db4-be21-11e4-a9d3-1f0c398dde0f', 1, 'i', 'db:postgres', '2015-02-27 14:41:31.339');
INSERT INTO approle_appgroup (approle_code, appgroup_id, rowidentifier, rowversion, change_action, change_user, change_time) VALUES ('01SEC_Unrestricted', 'super-group-id', 'c14970d2-be21-11e4-ac7a-abbb20e52dce', 1, 'i', 'db:postgres', '2015-02-27 14:41:31.339');
INSERT INTO approle_appgroup (approle_code, appgroup_id, rowidentifier, rowversion, change_action, change_user, change_time) VALUES ('02SEC_Restricted', 'super-group-id', 'c14997e2-be21-11e4-9603-6f1b52b1eff8', 1, 'i', 'db:postgres', '2015-02-27 14:41:31.339');
INSERT INTO approle_appgroup (approle_code, appgroup_id, rowidentifier, rowversion, change_action, change_user, change_time) VALUES ('03SEC_Confidential', 'super-group-id', 'c149bef2-be21-11e4-8aef-7b03b0b3eec4', 1, 'i', 'db:postgres', '2015-02-27 14:41:31.339');
INSERT INTO approle_appgroup (approle_code, appgroup_id, rowidentifier, rowversion, change_action, change_user, change_time) VALUES ('04SEC_Secret', 'super-group-id', 'c149e602-be21-11e4-b8f0-b7c5ea351184', 1, 'i', 'db:postgres', '2015-02-27 14:41:31.339');
INSERT INTO approle_appgroup (approle_code, appgroup_id, rowidentifier, rowversion, change_action, change_user, change_time) VALUES ('05SEC_TopSecret', 'super-group-id', 'c149e602-be21-11e4-a2df-ab6b1ddc6997', 1, 'i', 'db:postgres', '2015-02-27 14:41:31.339');
INSERT INTO approle_appgroup (approle_code, appgroup_id, rowidentifier, rowversion, change_action, change_user, change_time) VALUES ('10SEC_SuppressOrd', 'super-group-id', 'c14a0d12-be21-11e4-9235-d751064ef956', 1, 'i', 'db:postgres', '2015-02-27 14:41:31.339');
INSERT INTO approle_appgroup (approle_code, appgroup_id, rowidentifier, rowversion, change_action, change_user, change_time) VALUES ('AccessCS', 'ff94bfad-7079-41ea-bf4b-6962e36cad1f', '95f8f6b3-d4f2-45c4-9888-88d0b62bca19', 1, 'i', 'test', '2015-02-27 15:31:06.736');
INSERT INTO approle_appgroup (approle_code, appgroup_id, rowidentifier, rowversion, change_action, change_user, change_time) VALUES ('ManageBR', 'ff94bfad-7079-41ea-bf4b-6962e36cad1f', '0b45ca3b-6ede-453d-bc68-f204d0755e98', 1, 'i', 'test', '2015-02-27 15:31:06.736');
INSERT INTO approle_appgroup (approle_code, appgroup_id, rowidentifier, rowversion, change_action, change_user, change_time) VALUES ('ChangePassword', 'ff94bfad-7079-41ea-bf4b-6962e36cad1f', '94575082-ec4d-4d5f-8472-8bfc3d424d41', 1, 'i', 'test', '2015-02-27 15:31:06.736');
INSERT INTO approle_appgroup (approle_code, appgroup_id, rowidentifier, rowversion, change_action, change_user, change_time) VALUES ('consolidationCons', 'ff94bfad-7079-41ea-bf4b-6962e36cad1f', 'f60743b0-1344-4f64-a45b-6f34ba378896', 1, 'i', 'test', '2015-02-27 15:31:06.736');
INSERT INTO approle_appgroup (approle_code, appgroup_id, rowidentifier, rowversion, change_action, change_user, change_time) VALUES ('consolidationExt', 'ff94bfad-7079-41ea-bf4b-6962e36cad1f', 'c87114a8-5ac5-4531-b1cf-49f9e97331ef', 1, 'i', 'test', '2015-02-27 15:31:06.736');
INSERT INTO approle_appgroup (approle_code, appgroup_id, rowidentifier, rowversion, change_action, change_user, change_time) VALUES ('NoPasswordExpiry', 'ff94bfad-7079-41ea-bf4b-6962e36cad1f', '4ea6376a-6607-4646-8a1a-ad8dbe231cdc', 1, 'i', 'test', '2015-02-27 15:31:06.736');
INSERT INTO approle_appgroup (approle_code, appgroup_id, rowidentifier, rowversion, change_action, change_user, change_time) VALUES ('ManageRefdata', 'ff94bfad-7079-41ea-bf4b-6962e36cad1f', '07e9f98a-8354-4fd5-ac67-f74908852e2d', 1, 'i', 'test', '2015-02-27 15:31:06.736');
INSERT INTO approle_appgroup (approle_code, appgroup_id, rowidentifier, rowversion, change_action, change_user, change_time) VALUES ('ManageSettings', 'ff94bfad-7079-41ea-bf4b-6962e36cad1f', '8250f0be-5b53-415c-a99d-396c41956e59', 1, 'i', 'test', '2015-02-27 15:31:06.736');
INSERT INTO approle_appgroup (approle_code, appgroup_id, rowidentifier, rowversion, change_action, change_user, change_time) VALUES ('ManageSecurity', 'ff94bfad-7079-41ea-bf4b-6962e36cad1f', '3eb8dd0d-a751-4054-9a63-f3e48cf2a29d', 1, 'i', 'test', '2015-02-27 15:31:06.736');
INSERT INTO approle_appgroup (approle_code, appgroup_id, rowidentifier, rowversion, change_action, change_user, change_time) VALUES ('ApplnAssignOthers', 'ff94bfad-7079-41ea-bf4b-6962e36cad1f', 'e537761a-01d6-46b2-9600-33ea223ee8dc', 1, 'i', 'test', '2015-02-27 15:31:06.736');
INSERT INTO approle_appgroup (approle_code, appgroup_id, rowidentifier, rowversion, change_action, change_user, change_time) VALUES ('ApplnAssignSelf', 'ff94bfad-7079-41ea-bf4b-6962e36cad1f', '51dcf696-3bd3-4480-8541-b7d50daca29d', 1, 'i', 'test', '2015-02-27 15:31:06.736');
INSERT INTO approle_appgroup (approle_code, appgroup_id, rowidentifier, rowversion, change_action, change_user, change_time) VALUES ('ApplnEdit', 'ff94bfad-7079-41ea-bf4b-6962e36cad1f', 'b90adee6-d7d0-42fa-8078-fee29fa8df5f', 1, 'i', 'test', '2015-02-27 15:31:06.736');
INSERT INTO approle_appgroup (approle_code, appgroup_id, rowidentifier, rowversion, change_action, change_user, change_time) VALUES ('ApplnCreate', 'ff94bfad-7079-41ea-bf4b-6962e36cad1f', '484e7e1f-760b-4eb4-942e-29f62ef5189d', 1, 'i', 'test', '2015-02-27 15:31:06.736');
INSERT INTO approle_appgroup (approle_code, appgroup_id, rowidentifier, rowversion, change_action, change_user, change_time) VALUES ('ApplnView', 'ff94bfad-7079-41ea-bf4b-6962e36cad1f', '8deac1c1-5bbe-40cc-950c-ec0f3f981bfe', 1, 'i', 'test', '2015-02-27 15:31:06.736');
INSERT INTO approle_appgroup (approle_code, appgroup_id, rowidentifier, rowversion, change_action, change_user, change_time) VALUES ('ApplnStatus', 'ff94bfad-7079-41ea-bf4b-6962e36cad1f', 'd938b45f-e4a3-449c-8063-b229f79bd7bf', 1, 'i', 'test', '2015-02-27 15:31:06.736');
INSERT INTO approle_appgroup (approle_code, appgroup_id, rowidentifier, rowversion, change_action, change_user, change_time) VALUES ('ApplnUnassignOthers', 'ff94bfad-7079-41ea-bf4b-6962e36cad1f', '782b877c-5aaf-4f3d-ba1b-b77e29d74a00', 1, 'i', 'test', '2015-02-27 15:31:06.736');
INSERT INTO approle_appgroup (approle_code, appgroup_id, rowidentifier, rowversion, change_action, change_user, change_time) VALUES ('ApplnUnassignSelf', 'ff94bfad-7079-41ea-bf4b-6962e36cad1f', '37986250-ecc2-4192-9cac-d382d9ab485d', 1, 'i', 'test', '2015-02-27 15:31:06.736');
INSERT INTO approle_appgroup (approle_code, appgroup_id, rowidentifier, rowversion, change_action, change_user, change_time) VALUES ('ApplnApprove', 'ff94bfad-7079-41ea-bf4b-6962e36cad1f', '45db98a4-86b1-4eed-a5f1-6e742d51c17c', 1, 'i', 'test', '2015-02-27 15:31:06.736');
INSERT INTO approle_appgroup (approle_code, appgroup_id, rowidentifier, rowversion, change_action, change_user, change_time) VALUES ('ApplnArchive', 'ff94bfad-7079-41ea-bf4b-6962e36cad1f', '9b3d3a84-6496-4ff9-a37f-90087b8bd9ce', 1, 'i', 'test', '2015-02-27 15:31:06.736');
INSERT INTO approle_appgroup (approle_code, appgroup_id, rowidentifier, rowversion, change_action, change_user, change_time) VALUES ('ApplnReject', 'ff94bfad-7079-41ea-bf4b-6962e36cad1f', '7fe710ce-8b95-4284-adc2-2e590a184131', 1, 'i', 'test', '2015-02-27 15:31:06.736');
INSERT INTO approle_appgroup (approle_code, appgroup_id, rowidentifier, rowversion, change_action, change_user, change_time) VALUES ('ApplnDispatch', 'ff94bfad-7079-41ea-bf4b-6962e36cad1f', '7cf94996-dd30-4cfd-817b-f9e76ae0421a', 1, 'i', 'test', '2015-02-27 15:31:06.736');
INSERT INTO approle_appgroup (approle_code, appgroup_id, rowidentifier, rowversion, change_action, change_user, change_time) VALUES ('ApplnRequisition', 'ff94bfad-7079-41ea-bf4b-6962e36cad1f', 'c633e458-5f04-4af2-8f85-180514e68078', 1, 'i', 'test', '2015-02-27 15:31:06.736');
INSERT INTO approle_appgroup (approle_code, appgroup_id, rowidentifier, rowversion, change_action, change_user, change_time) VALUES ('ApplnResubmit', 'ff94bfad-7079-41ea-bf4b-6962e36cad1f', 'ee21c071-648b-4da6-b0c8-d43d0ad8b921', 1, 'i', 'test', '2015-02-27 15:31:06.736');
INSERT INTO approle_appgroup (approle_code, appgroup_id, rowidentifier, rowversion, change_action, change_user, change_time) VALUES ('ApplnTransfer', 'ff94bfad-7079-41ea-bf4b-6962e36cad1f', 'c2fb20b2-7e1b-46ab-96a3-21fe19135926', 1, 'i', 'test', '2015-02-27 15:31:06.736');
INSERT INTO approle_appgroup (approle_code, appgroup_id, rowidentifier, rowversion, change_action, change_user, change_time) VALUES ('ApplnValidate', 'ff94bfad-7079-41ea-bf4b-6962e36cad1f', 'b0c5a1f6-8b39-4f5e-872e-612f802c7cac', 1, 'i', 'test', '2015-02-27 15:31:06.736');
INSERT INTO approle_appgroup (approle_code, appgroup_id, rowidentifier, rowversion, change_action, change_user, change_time) VALUES ('ApplnWithdraw', 'ff94bfad-7079-41ea-bf4b-6962e36cad1f', '42867079-3c43-4356-b92a-c2889e91b98b', 1, 'i', 'test', '2015-02-27 15:31:06.736');
INSERT INTO approle_appgroup (approle_code, appgroup_id, rowidentifier, rowversion, change_action, change_user, change_time) VALUES ('BulkApplication', 'ff94bfad-7079-41ea-bf4b-6962e36cad1f', '07e941a3-6fda-484d-bc97-af21f37af18b', 1, 'i', 'test', '2015-02-27 15:31:06.736');
INSERT INTO approle_appgroup (approle_code, appgroup_id, rowidentifier, rowversion, change_action, change_user, change_time) VALUES ('DashbrdViewAssign', 'ff94bfad-7079-41ea-bf4b-6962e36cad1f', 'a51e51f7-c4bf-48b6-b93f-029ceca095cb', 1, 'i', 'test', '2015-02-27 15:31:06.736');
INSERT INTO approle_appgroup (approle_code, appgroup_id, rowidentifier, rowversion, change_action, change_user, change_time) VALUES ('DashbrdViewUnassign', 'ff94bfad-7079-41ea-bf4b-6962e36cad1f', '35a7ef48-900a-4179-9c89-66fe13ff7468', 1, 'i', 'test', '2015-02-27 15:31:06.736');
INSERT INTO approle_appgroup (approle_code, appgroup_id, rowidentifier, rowversion, change_action, change_user, change_time) VALUES ('TransactionCommit', 'ff94bfad-7079-41ea-bf4b-6962e36cad1f', '6220279f-423e-4651-8a8f-e9609e8a28be', 1, 'i', 'test', '2015-02-27 15:31:06.736');
INSERT INTO approle_appgroup (approle_code, appgroup_id, rowidentifier, rowversion, change_action, change_user, change_time) VALUES ('SourcePrint', 'ff94bfad-7079-41ea-bf4b-6962e36cad1f', 'fbbacd67-867d-4e58-83c4-911d9e7e37ee', 1, 'i', 'test', '2015-02-27 15:31:06.736');
INSERT INTO approle_appgroup (approle_code, appgroup_id, rowidentifier, rowversion, change_action, change_user, change_time) VALUES ('SourceSave', 'ff94bfad-7079-41ea-bf4b-6962e36cad1f', '476b3622-ccaf-4e49-af07-05f7bffac5a6', 1, 'i', 'test', '2015-02-27 15:31:06.736');
INSERT INTO approle_appgroup (approle_code, appgroup_id, rowidentifier, rowversion, change_action, change_user, change_time) VALUES ('SourceSearch', 'ff94bfad-7079-41ea-bf4b-6962e36cad1f', 'd4ec6324-6cc3-4f91-bfce-2fac44ef4439', 1, 'i', 'test', '2015-02-27 15:31:06.736');
INSERT INTO approle_appgroup (approle_code, appgroup_id, rowidentifier, rowversion, change_action, change_user, change_time) VALUES ('ExportMap', 'ff94bfad-7079-41ea-bf4b-6962e36cad1f', '045c0db4-e908-48a6-bf58-92bca3d97544', 1, 'i', 'test', '2015-02-27 15:31:06.736');
INSERT INTO approle_appgroup (approle_code, appgroup_id, rowidentifier, rowversion, change_action, change_user, change_time) VALUES ('PrintMap', 'ff94bfad-7079-41ea-bf4b-6962e36cad1f', '4cac4d49-8e33-4363-b77b-a65ffc0bc79c', 1, 'i', 'test', '2015-02-27 15:31:06.736');
INSERT INTO approle_appgroup (approle_code, appgroup_id, rowidentifier, rowversion, change_action, change_user, change_time) VALUES ('ViewMap', 'ff94bfad-7079-41ea-bf4b-6962e36cad1f', 'e9ec7efd-69a6-4f04-aa06-400b82af69b7', 1, 'i', 'test', '2015-02-27 15:31:06.736');
INSERT INTO approle_appgroup (approle_code, appgroup_id, rowidentifier, rowversion, change_action, change_user, change_time) VALUES ('mapExistingParcel', 'ff94bfad-7079-41ea-bf4b-6962e36cad1f', '9a38c162-fade-4c33-a2f2-03d4d26a1443', 1, 'i', 'test', '2015-02-27 15:31:06.736');
INSERT INTO approle_appgroup (approle_code, appgroup_id, rowidentifier, rowversion, change_action, change_user, change_time) VALUES ('ModerateClaim', 'ff94bfad-7079-41ea-bf4b-6962e36cad1f', 'b715f0d0-ec4d-4d24-a296-3f4fe68b7a87', 1, 'i', 'test', '2015-02-27 15:31:06.736');
INSERT INTO approle_appgroup (approle_code, appgroup_id, rowidentifier, rowversion, change_action, change_user, change_time) VALUES ('ParcelSave', 'ff94bfad-7079-41ea-bf4b-6962e36cad1f', 'e1b52d8e-7400-4b16-bc23-7842bf0153b9', 1, 'i', 'test', '2015-02-27 15:31:06.736');
INSERT INTO approle_appgroup (approle_code, appgroup_id, rowidentifier, rowversion, change_action, change_user, change_time) VALUES ('PartySave', 'ff94bfad-7079-41ea-bf4b-6962e36cad1f', '4596f049-1b71-4dc6-80df-ac4f6fc3e760', 1, 'i', 'test', '2015-02-27 15:31:06.736');
INSERT INTO approle_appgroup (approle_code, appgroup_id, rowidentifier, rowversion, change_action, change_user, change_time) VALUES ('RHSave', 'ff94bfad-7079-41ea-bf4b-6962e36cad1f', '5811651a-1324-4fb9-9c81-380b0fef1066', 1, 'i', 'test', '2015-02-27 15:31:06.736');
INSERT INTO approle_appgroup (approle_code, appgroup_id, rowidentifier, rowversion, change_action, change_user, change_time) VALUES ('PartySearch', 'ff94bfad-7079-41ea-bf4b-6962e36cad1f', 'a3aa35df-70ee-4d6f-97f5-676916617cd0', 1, 'i', 'test', '2015-02-27 15:31:06.736');
INSERT INTO approle_appgroup (approle_code, appgroup_id, rowidentifier, rowversion, change_action, change_user, change_time) VALUES ('BaunitSave', 'ff94bfad-7079-41ea-bf4b-6962e36cad1f', 'df68dea1-a2bf-46c8-9b72-7a24f52c57a0', 1, 'i', 'test', '2015-02-27 15:31:06.736');
INSERT INTO approle_appgroup (approle_code, appgroup_id, rowidentifier, rowversion, change_action, change_user, change_time) VALUES ('BaunitCertificate', 'ff94bfad-7079-41ea-bf4b-6962e36cad1f', '2c090d0b-3201-46c3-af9b-46b84091e535', 1, 'i', 'test', '2015-02-27 15:31:06.736');
INSERT INTO approle_appgroup (approle_code, appgroup_id, rowidentifier, rowversion, change_action, change_user, change_time) VALUES ('BaunitSearch', 'ff94bfad-7079-41ea-bf4b-6962e36cad1f', '11890d3c-a73f-4aac-9cd4-fe66af74306e', 1, 'i', 'test', '2015-02-27 15:31:06.736');
INSERT INTO approle_appgroup (approle_code, appgroup_id, rowidentifier, rowversion, change_action, change_user, change_time) VALUES ('RecordClaim', 'ff94bfad-7079-41ea-bf4b-6962e36cad1f', '722feb45-3b55-4c78-bc3a-f9640448d827', 1, 'i', 'test', '2015-02-27 15:31:06.736');
INSERT INTO approle_appgroup (approle_code, appgroup_id, rowidentifier, rowversion, change_action, change_user, change_time) VALUES ('ReportGenerate', 'ff94bfad-7079-41ea-bf4b-6962e36cad1f', 'bd93ee45-631a-4684-a22d-f7298027331d', 1, 'i', 'test', '2015-02-27 15:31:06.736');
INSERT INTO approle_appgroup (approle_code, appgroup_id, rowidentifier, rowversion, change_action, change_user, change_time) VALUES ('RightsExport', 'ff94bfad-7079-41ea-bf4b-6962e36cad1f', '7bc25a5c-5069-47cf-ae0a-188e6ff05d19', 1, 'i', 'test', '2015-02-27 15:31:06.736');
INSERT INTO approle_appgroup (approle_code, appgroup_id, rowidentifier, rowversion, change_action, change_user, change_time) VALUES ('ReviewClaim', 'ff94bfad-7079-41ea-bf4b-6962e36cad1f', 'cf00122b-38a9-4681-ab2b-1492cd47e653', 1, 'i', 'test', '2015-02-27 15:31:06.736');
INSERT INTO approle_appgroup (approle_code, appgroup_id, rowidentifier, rowversion, change_action, change_user, change_time) VALUES ('ChangeSecClass', 'ff94bfad-7079-41ea-bf4b-6962e36cad1f', '387c38eb-7ff7-49f6-98f7-126b3b0d32ee', 1, 'i', 'test', '2015-02-27 15:31:06.736');
INSERT INTO approle_appgroup (approle_code, appgroup_id, rowidentifier, rowversion, change_action, change_user, change_time) VALUES ('01SEC_Unrestricted', 'ff94bfad-7079-41ea-bf4b-6962e36cad1f', 'a91afd78-3921-4993-a256-f7b2482c081b', 1, 'i', 'test', '2015-02-27 15:31:06.736');
INSERT INTO approle_appgroup (approle_code, appgroup_id, rowidentifier, rowversion, change_action, change_user, change_time) VALUES ('02SEC_Restricted', 'ff94bfad-7079-41ea-bf4b-6962e36cad1f', '1bfe00f6-6b0e-42d2-9c12-a779593a8f24', 1, 'i', 'test', '2015-02-27 15:31:06.736');
INSERT INTO approle_appgroup (approle_code, appgroup_id, rowidentifier, rowversion, change_action, change_user, change_time) VALUES ('cadastrePrint', 'ff94bfad-7079-41ea-bf4b-6962e36cad1f', '248c2be8-9e62-412e-a65f-614ef4721b36', 1, 'i', 'test', '2015-02-27 15:31:06.736');
INSERT INTO approle_appgroup (approle_code, appgroup_id, rowidentifier, rowversion, change_action, change_user, change_time) VALUES ('cancelRelationship', 'ff94bfad-7079-41ea-bf4b-6962e36cad1f', 'a2b96d48-8b4c-4e3a-a044-93c8481d50dd', 1, 'i', 'test', '2015-02-27 15:31:06.736');
INSERT INTO approle_appgroup (approle_code, appgroup_id, rowidentifier, rowversion, change_action, change_user, change_time) VALUES ('cnclPowerOfAttorney', 'ff94bfad-7079-41ea-bf4b-6962e36cad1f', 'f39abe0b-7c47-4220-8348-ccd1d9d755e9', 1, 'i', 'test', '2015-02-27 15:31:06.736');
INSERT INTO approle_appgroup (approle_code, appgroup_id, rowidentifier, rowversion, change_action, change_user, change_time) VALUES ('cancelProperty', 'ff94bfad-7079-41ea-bf4b-6962e36cad1f', '0599f200-ff01-4786-8d96-8eee99abfe3f', 1, 'i', 'test', '2015-02-27 15:31:06.736');
INSERT INTO approle_appgroup (approle_code, appgroup_id, rowidentifier, rowversion, change_action, change_user, change_time) VALUES ('newOwnership', 'ff94bfad-7079-41ea-bf4b-6962e36cad1f', 'b60ba79d-956e-447f-99a9-b2082c88d420', 1, 'i', 'test', '2015-02-27 15:31:06.736');
INSERT INTO approle_appgroup (approle_code, appgroup_id, rowidentifier, rowversion, change_action, change_user, change_time) VALUES ('cadastreChange', 'ff94bfad-7079-41ea-bf4b-6962e36cad1f', '2b727f7c-b035-4d9c-8248-1485af2b73ad', 1, 'i', 'test', '2015-02-27 15:31:06.736');
INSERT INTO approle_appgroup (approle_code, appgroup_id, rowidentifier, rowversion, change_action, change_user, change_time) VALUES ('newDigitalTitle', 'ff94bfad-7079-41ea-bf4b-6962e36cad1f', '555ee3cd-2929-45d1-a37a-0daeed9c96f5', 1, 'i', 'test', '2015-02-27 15:31:06.736');
INSERT INTO approle_appgroup (approle_code, appgroup_id, rowidentifier, rowversion, change_action, change_user, change_time) VALUES ('documentCopy', 'ff94bfad-7079-41ea-bf4b-6962e36cad1f', '6195af01-8b22-4608-98e4-aee12bd83b50', 1, 'i', 'test', '2015-02-27 15:31:06.736');
INSERT INTO approle_appgroup (approle_code, appgroup_id, rowidentifier, rowversion, change_action, change_user, change_time) VALUES ('lodgeObjection', 'ff94bfad-7079-41ea-bf4b-6962e36cad1f', 'b4d00861-3ddf-4f83-a847-1f7576639b0c', 1, 'i', 'test', '2015-02-27 15:32:02.662');
INSERT INTO approle_appgroup (approle_code, appgroup_id, rowidentifier, rowversion, change_action, change_user, change_time) VALUES ('newFreehold', 'ff94bfad-7079-41ea-bf4b-6962e36cad1f', '985bf807-350d-4d36-9f35-e8e7eae37337', 1, 'i', 'test', '2015-02-27 15:32:02.662');
INSERT INTO approle_appgroup (approle_code, appgroup_id, rowidentifier, rowversion, change_action, change_user, change_time) VALUES ('newApartment', 'ff94bfad-7079-41ea-bf4b-6962e36cad1f', '785ebfa9-49c4-4c71-bbaf-0b67e20d9646', 1, 'i', 'test', '2015-02-27 15:32:02.662');
INSERT INTO approle_appgroup (approle_code, appgroup_id, rowidentifier, rowversion, change_action, change_user, change_time) VALUES ('recordRelationship', 'ff94bfad-7079-41ea-bf4b-6962e36cad1f', 'ca15226e-810a-436d-b0e0-5f1f03cf0f0c', 1, 'i', 'test', '2015-02-27 15:32:02.662');
INSERT INTO approle_appgroup (approle_code, appgroup_id, rowidentifier, rowversion, change_action, change_user, change_time) VALUES ('redefineCadastre', 'ff94bfad-7079-41ea-bf4b-6962e36cad1f', '37576c64-d501-4204-b591-bb72bb1aa941', 1, 'i', 'test', '2015-02-27 15:32:02.662');
INSERT INTO approle_appgroup (approle_code, appgroup_id, rowidentifier, rowversion, change_action, change_user, change_time) VALUES ('buildingRestriction', 'ff94bfad-7079-41ea-bf4b-6962e36cad1f', '6c0beb87-f92a-4307-93e4-b9be08f3da74', 1, 'i', 'test', '2015-02-27 15:32:02.662');
INSERT INTO approle_appgroup (approle_code, appgroup_id, rowidentifier, rowversion, change_action, change_user, change_time) VALUES ('caveat', 'ff94bfad-7079-41ea-bf4b-6962e36cad1f', 'd22d4de6-6252-41ba-a113-bca9cdadbccd', 1, 'i', 'test', '2015-02-27 15:32:02.662');
INSERT INTO approle_appgroup (approle_code, appgroup_id, rowidentifier, rowversion, change_action, change_user, change_time) VALUES ('historicOrder', 'ff94bfad-7079-41ea-bf4b-6962e36cad1f', '9edb132c-bd06-4031-ac03-6f6d9f80c6af', 1, 'i', 'test', '2015-02-27 15:32:02.662');
INSERT INTO approle_appgroup (approle_code, appgroup_id, rowidentifier, rowversion, change_action, change_user, change_time) VALUES ('registerLease', 'ff94bfad-7079-41ea-bf4b-6962e36cad1f', '61be6b0a-7636-4b9c-b75e-3378829195ed', 1, 'i', 'test', '2015-02-27 15:32:02.662');
INSERT INTO approle_appgroup (approle_code, appgroup_id, rowidentifier, rowversion, change_action, change_user, change_time) VALUES ('limtedRoadAccess', 'ff94bfad-7079-41ea-bf4b-6962e36cad1f', 'dfe3b936-ee03-473a-b79d-8989d01ee4c9', 1, 'i', 'test', '2015-02-27 15:32:02.662');
INSERT INTO approle_appgroup (approle_code, appgroup_id, rowidentifier, rowversion, change_action, change_user, change_time) VALUES ('mortgage', 'ff94bfad-7079-41ea-bf4b-6962e36cad1f', '6b31e29b-1ea6-42b2-a4c4-b5e42fb2139a', 1, 'i', 'test', '2015-02-27 15:32:02.662');
INSERT INTO approle_appgroup (approle_code, appgroup_id, rowidentifier, rowversion, change_action, change_user, change_time) VALUES ('servitude', 'ff94bfad-7079-41ea-bf4b-6962e36cad1f', '7db336f3-9251-4e6c-b2e2-a28c82a4c9d4', 1, 'i', 'test', '2015-02-27 15:32:02.662');
INSERT INTO approle_appgroup (approle_code, appgroup_id, rowidentifier, rowversion, change_action, change_user, change_time) VALUES ('regnPowerOfAttorney', 'ff94bfad-7079-41ea-bf4b-6962e36cad1f', 'f57d7d64-5d51-4fe0-8294-58e74a4ff451', 1, 'i', 'test', '2015-02-27 15:32:02.662');
INSERT INTO approle_appgroup (approle_code, appgroup_id, rowidentifier, rowversion, change_action, change_user, change_time) VALUES ('regnStandardDocument', 'ff94bfad-7079-41ea-bf4b-6962e36cad1f', '1adb8620-c094-419d-aafc-36bc8454526f', 1, 'i', 'test', '2015-02-27 15:32:02.662');
INSERT INTO approle_appgroup (approle_code, appgroup_id, rowidentifier, rowversion, change_action, change_user, change_time) VALUES ('regnOnTitle', 'ff94bfad-7079-41ea-bf4b-6962e36cad1f', 'e20b5b91-d226-4bc5-aff4-404bde2f1c09', 1, 'i', 'test', '2015-02-27 15:32:02.662');
INSERT INTO approle_appgroup (approle_code, appgroup_id, rowidentifier, rowversion, change_action, change_user, change_time) VALUES ('removeCaveat', 'ff94bfad-7079-41ea-bf4b-6962e36cad1f', 'd09c4fd0-a9bd-47af-9d77-9707dececee7', 1, 'i', 'test', '2015-02-27 15:32:02.662');
INSERT INTO approle_appgroup (approle_code, appgroup_id, rowidentifier, rowversion, change_action, change_user, change_time) VALUES ('removeRestriction', 'ff94bfad-7079-41ea-bf4b-6962e36cad1f', '6074b57f-a4ed-41d9-973f-4c88d8cb1505', 1, 'i', 'test', '2015-02-27 15:32:02.662');
INSERT INTO approle_appgroup (approle_code, appgroup_id, rowidentifier, rowversion, change_action, change_user, change_time) VALUES ('removeRight', 'ff94bfad-7079-41ea-bf4b-6962e36cad1f', 'd0c6f2f7-39a2-4eff-a0a3-9732158228b6', 1, 'i', 'test', '2015-02-27 15:32:02.662');
INSERT INTO approle_appgroup (approle_code, appgroup_id, rowidentifier, rowversion, change_action, change_user, change_time) VALUES ('serviceEnquiry', 'ff94bfad-7079-41ea-bf4b-6962e36cad1f', '049ac8d9-0362-4d1d-830b-35c510955277', 1, 'i', 'test', '2015-02-27 15:32:02.662');
INSERT INTO approle_appgroup (approle_code, appgroup_id, rowidentifier, rowversion, change_action, change_user, change_time) VALUES ('surveyPlanCopy', 'ff94bfad-7079-41ea-bf4b-6962e36cad1f', '26b1c84a-7284-4c30-9e68-5585457c21dd', 1, 'i', 'test', '2015-02-27 15:32:02.662');
INSERT INTO approle_appgroup (approle_code, appgroup_id, rowidentifier, rowversion, change_action, change_user, change_time) VALUES ('systematicRegn', 'ff94bfad-7079-41ea-bf4b-6962e36cad1f', '11eafd5e-342e-44bd-a471-93c4de0528cd', 1, 'i', 'test', '2015-02-27 15:32:02.662');
INSERT INTO approle_appgroup (approle_code, appgroup_id, rowidentifier, rowversion, change_action, change_user, change_time) VALUES ('titleSearch', 'ff94bfad-7079-41ea-bf4b-6962e36cad1f', '162b3bb3-7827-4475-8302-e179e288b80d', 1, 'i', 'test', '2015-02-27 15:32:02.662');
INSERT INTO approle_appgroup (approle_code, appgroup_id, rowidentifier, rowversion, change_action, change_user, change_time) VALUES ('varyLease', 'ff94bfad-7079-41ea-bf4b-6962e36cad1f', 'c884568d-2231-476e-bd3b-82f2046e306b', 1, 'i', 'test', '2015-02-27 15:32:02.662');
INSERT INTO approle_appgroup (approle_code, appgroup_id, rowidentifier, rowversion, change_action, change_user, change_time) VALUES ('varyCaveat', 'ff94bfad-7079-41ea-bf4b-6962e36cad1f', 'c2d4bf86-7468-4dba-b50f-cf277e3b67ad', 1, 'i', 'test', '2015-02-27 15:32:02.662');
INSERT INTO approle_appgroup (approle_code, appgroup_id, rowidentifier, rowversion, change_action, change_user, change_time) VALUES ('varyMortgage', 'ff94bfad-7079-41ea-bf4b-6962e36cad1f', '8bf9b0ac-bfc8-47d2-834f-cd1721a186c8', 1, 'i', 'test', '2015-02-27 15:32:02.662');
INSERT INTO approle_appgroup (approle_code, appgroup_id, rowidentifier, rowversion, change_action, change_user, change_time) VALUES ('varyRight', 'ff94bfad-7079-41ea-bf4b-6962e36cad1f', '51ecc917-29c3-4ac9-a996-e043cf4bbef5', 1, 'i', 'test', '2015-02-27 15:32:02.662');
INSERT INTO approle_appgroup (approle_code, appgroup_id, rowidentifier, rowversion, change_action, change_user, change_time) VALUES ('cnclStandardDocument', 'ff94bfad-7079-41ea-bf4b-6962e36cad1f', 'b579eb92-f9ec-447b-8d77-cf7f218d0e84', 1, 'i', 'test', '2015-02-27 15:32:02.662');
INSERT INTO approle_appgroup (approle_code, appgroup_id, rowidentifier, rowversion, change_action, change_user, change_time) VALUES ('CancelService', 'ff94bfad-7079-41ea-bf4b-6962e36cad1f', 'bc977367-31b1-41ce-bc04-354f7c9988fd', 1, 'i', 'test', '2015-02-27 15:32:02.662');
INSERT INTO approle_appgroup (approle_code, appgroup_id, rowidentifier, rowversion, change_action, change_user, change_time) VALUES ('CompleteService', 'ff94bfad-7079-41ea-bf4b-6962e36cad1f', 'da1ad59f-f120-4924-a8f1-1124e9125deb', 1, 'i', 'test', '2015-02-27 15:32:02.662');
INSERT INTO approle_appgroup (approle_code, appgroup_id, rowidentifier, rowversion, change_action, change_user, change_time) VALUES ('RevertService', 'ff94bfad-7079-41ea-bf4b-6962e36cad1f', 'c479e590-007b-40b5-8c53-ff2296897bab', 1, 'i', 'test', '2015-02-27 15:32:02.662');
INSERT INTO approle_appgroup (approle_code, appgroup_id, rowidentifier, rowversion, change_action, change_user, change_time) VALUES ('StartService', 'ff94bfad-7079-41ea-bf4b-6962e36cad1f', '96a82327-117b-4987-9e1e-c097ac9c78eb', 1, 'i', 'test', '2015-02-27 15:32:02.662');
INSERT INTO approle_appgroup (approle_code, appgroup_id, rowidentifier, rowversion, change_action, change_user, change_time) VALUES ('obscurationRequest', 'super-group-id', '4e4851d6-be74-11e4-a0e2-cf34ee2f0a0c', 1, 'i', 'db:postgres', '2015-02-27 12:32:26.68');
INSERT INTO approle_appgroup (approle_code, appgroup_id, rowidentifier, rowversion, change_action, change_user, change_time) VALUES ('MapFeatureEditor', 'super-group-id', '65e1ce80-c216-11e4-9b2e-5b36c326716c', 1, 'i', 'db:postgres', '2015-03-04 15:30:18.217');
INSERT INTO approle_appgroup (approle_code, appgroup_id, rowidentifier, rowversion, change_action, change_user, change_time) VALUES ('MapZoneEditor', 'super-group-id', '65e48daa-c216-11e4-b81b-8bb0457ebb45', 1, 'i', 'db:postgres', '2015-03-04 15:30:18.217');
INSERT INTO approle_appgroup (approle_code, appgroup_id, rowidentifier, rowversion, change_action, change_user, change_time) VALUES ('ReportGender', 'super-group-id', '65e529ea-c216-11e4-a806-2b89f1f9e9c1', 1, 'i', 'db:postgres', '2015-03-04 15:30:18.217');


ALTER TABLE approle_appgroup ENABLE TRIGGER ALL;

--
-- Data for Name: appuser; Type: TABLE DATA; Schema: system; Owner: postgres
--

ALTER TABLE appuser DISABLE TRIGGER ALL;

INSERT INTO appuser (id, username, first_name, last_name, email, mobile_number, activation_code, passwd, active, description, rowidentifier, rowversion, change_action, change_user, change_time, activation_expiration) VALUES ('test-id', 'test', 'Test', 'The BOSS', 'test@simple.com', NULL, NULL, '9f86d081884c7d659a2feaa0c55ad015a3bf4f1b2b0b822cd15d6c15b0f00a08', true, NULL, 'be17a2c6-99dd-11e3-ba2b-af4cac70daca', 1, 'i', 'test', '2014-02-20 16:19:00.722', NULL);
INSERT INTO appuser (id, username, first_name, last_name, email, mobile_number, activation_code, passwd, active, description, rowidentifier, rowversion, change_action, change_user, change_time, activation_expiration) VALUES ('e21f7c3d-bb02-4a15-94f3-d076861bf343', 'demo', 'demo', 'demo', 'demo@demo.com', '2222222', '12345', '2a97516c354b68848cdbd8f54a226a0a55b21ed138e207ad6c5cbb9c00aa5aea', true, '', '07cbee47-f0ae-46f1-bb72-199abfbf41b3', 15, 'u', 'ANONYMOUS', '2014-09-21 17:36:36.559', NULL);
INSERT INTO appuser (id, username, first_name, last_name, email, mobile_number, activation_code, passwd, active, description, rowidentifier, rowversion, change_action, change_user, change_time, activation_expiration) VALUES ('claim-recorder', 'ClaimRecorder', 'Claim', 'Recorder', 'claim.recorder@mail.com', '111-222', NULL, '9f86d081884c7d659a2feaa0c55ad015a3bf4f1b2b0b822cd15d6c15b0f00a08', true, 'Demo user for claim recorder role', '4661fa74-1ba1-11e4-ae33-57068db554f3', 13, 'u', 'db:postgres', '2014-09-21 17:36:36.559', NULL);
INSERT INTO appuser (id, username, first_name, last_name, email, mobile_number, activation_code, passwd, active, description, rowidentifier, rowversion, change_action, change_user, change_time, activation_expiration) VALUES ('claim-reviewer', 'ClaimReviewer', 'Claim', 'Reviewer', 'claim.reviewer@mail.com', '111-333', NULL, '9f86d081884c7d659a2feaa0c55ad015a3bf4f1b2b0b822cd15d6c15b0f00a08', true, 'Demo user for claim reviwer role', '466c0cbc-1ba1-11e4-b1a2-877bd2f873c2', 13, 'u', 'db:postgres', '2014-09-21 17:36:36.559', NULL);
INSERT INTO appuser (id, username, first_name, last_name, email, mobile_number, activation_code, passwd, active, description, rowidentifier, rowversion, change_action, change_user, change_time, activation_expiration) VALUES ('claim-moderator', 'ClaimModerator', 'Claim', 'Moderator', 'claim.moderator@mail.com', '111-444', NULL, '9f86d081884c7d659a2feaa0c55ad015a3bf4f1b2b0b822cd15d6c15b0f00a08', true, 'Demo user for claim moderator role', '466c33cc-1ba1-11e4-af2b-6f314bab285f', 13, 'u', 'db:postgres', '2014-09-21 17:36:36.559', NULL);
INSERT INTO appuser (id, username, first_name, last_name, email, mobile_number, activation_code, passwd, active, description, rowidentifier, rowversion, change_action, change_user, change_time, activation_expiration) VALUES ('9e7bb800-cc11-4174-a35d-2aac04f5d6dc', 'new', 'new', 'new', NULL, NULL, NULL, '11507a0e2f5e69d5dfa40a62a1bd7b6ee57e6bcd85c67c9b8431b36fff21c437', true, NULL, '8f883f01-bca4-40e3-b741-2ccf44ec7aec', 2, 'u', 'test', '2015-02-12 11:48:36.52', NULL);
INSERT INTO appuser (id, username, first_name, last_name, email, mobile_number, activation_code, passwd, active, description, rowidentifier, rowversion, change_action, change_user, change_time, activation_expiration) VALUES ('6843b8e6-0738-4a89-a0cc-fa03d385184e', 'user', 'User', 'Test', 'test@sola22.org', '32423423', NULL, '1b4f0e9851971998e732078544c96b36c3d01cedf7caa332359d6f1d83567014', false, NULL, '6f8c6293-fe64-4387-9f12-17ad7e41ef78', 6, 'u', 'test', '2015-02-27 16:26:51.642', NULL);
INSERT INTO appuser (id, username, first_name, last_name, email, mobile_number, activation_code, passwd, active, description, rowidentifier, rowversion, change_action, change_user, change_time, activation_expiration) VALUES ('020bf9c9-2fd9-4014-aa65-09463b3c9e56', 'user2', 'User2', 'Test2', 'test2@user2.org', '434-5453', NULL, '6025d18fe48abd45168528f18a82e265dd98d421a7084aa09f61b341703901a3', true, NULL, 'ec40c46b-f89a-46cf-91cd-8d177cdac74f', 4, 'u', 'test', '2015-02-27 16:27:14.329', NULL);


ALTER TABLE appuser ENABLE TRIGGER ALL;

--
-- Data for Name: appuser_appgroup; Type: TABLE DATA; Schema: system; Owner: postgres
--

ALTER TABLE appuser_appgroup DISABLE TRIGGER ALL;

INSERT INTO appuser_appgroup (appuser_id, appgroup_id, rowidentifier, rowversion, change_action, change_user, change_time) VALUES ('test-id', 'super-group-id', 'be56cf8c-99dd-11e3-ac27-0343410f6672', 1, 'i', 'db:postgres', '2014-02-20 16:19:01.139');
INSERT INTO appuser_appgroup (appuser_id, appgroup_id, rowidentifier, rowversion, change_action, change_user, change_time) VALUES ('e21f7c3d-bb02-4a15-94f3-d076861bf343', 'CommunityRecorders', 'bae0f1f3-cfbe-4135-aa25-5059fbdd9edf', 1, 'i', 'ANONYMOUS', '2014-04-25 18:34:02.579');
INSERT INTO appuser_appgroup (appuser_id, appgroup_id, rowidentifier, rowversion, change_action, change_user, change_time) VALUES ('test-id', 'claim-moderators', 'cd1007b8-eb5f-11e3-8c6d-afdc9e2ad33d', 1, 'i', 'db:postgres', '2014-06-04 02:44:04.493');
INSERT INTO appuser_appgroup (appuser_id, appgroup_id, rowidentifier, rowversion, change_action, change_user, change_time) VALUES ('test-id', 'claim-reviewers', '466e0896-1ba1-11e4-9c89-ff1ae04cc155', 1, 'i', 'db:postgres', '2014-08-04 12:33:40.723');
INSERT INTO appuser_appgroup (appuser_id, appgroup_id, rowidentifier, rowversion, change_action, change_user, change_time) VALUES ('claim-recorder', 'CommunityRecorders', '466f8f36-1ba1-11e4-9f4e-13649f8ebcde', 1, 'i', 'db:postgres', '2014-08-04 12:33:40.723');
INSERT INTO appuser_appgroup (appuser_id, appgroup_id, rowidentifier, rowversion, change_action, change_user, change_time) VALUES ('test-id', 'CommunityRecorders', '466fdd56-1ba1-11e4-b8f6-e7421ee931e9', 1, 'i', 'db:postgres', '2014-08-04 12:33:40.723');
INSERT INTO appuser_appgroup (appuser_id, appgroup_id, rowidentifier, rowversion, change_action, change_user, change_time) VALUES ('claim-reviewer', 'claim-reviewers', '46700466-1ba1-11e4-811d-bb4889ee1d9a', 1, 'i', 'db:postgres', '2014-08-04 12:33:40.723');
INSERT INTO appuser_appgroup (appuser_id, appgroup_id, rowidentifier, rowversion, change_action, change_user, change_time) VALUES ('claim-moderator', 'claim-moderators', '46705290-1ba1-11e4-9cdc-d78e1a6af69e', 1, 'i', 'db:postgres', '2014-08-04 12:33:40.723');
INSERT INTO appuser_appgroup (appuser_id, appgroup_id, rowidentifier, rowversion, change_action, change_user, change_time) VALUES ('9e7bb800-cc11-4174-a35d-2aac04f5d6dc', 'claim-moderators', 'a72d51a9-ce50-4e16-bc94-f8c10c1b7de0', 1, 'i', 'test', '2015-02-12 11:48:35.832');
INSERT INTO appuser_appgroup (appuser_id, appgroup_id, rowidentifier, rowversion, change_action, change_user, change_time) VALUES ('9e7bb800-cc11-4174-a35d-2aac04f5d6dc', 'claim-reviewers', '736d069e-bbca-4656-a9c3-82681bc9a3fd', 1, 'i', 'test', '2015-02-12 11:48:35.832');
INSERT INTO appuser_appgroup (appuser_id, appgroup_id, rowidentifier, rowversion, change_action, change_user, change_time) VALUES ('9e7bb800-cc11-4174-a35d-2aac04f5d6dc', 'CommunityRecorders', '2a6904fb-09e4-4a14-8f5e-9cf8c08b294f', 1, 'i', 'test', '2015-02-12 11:48:35.832');
INSERT INTO appuser_appgroup (appuser_id, appgroup_id, rowidentifier, rowversion, change_action, change_user, change_time) VALUES ('6843b8e6-0738-4a89-a0cc-fa03d385184e', 'ff94bfad-7079-41ea-bf4b-6962e36cad1f', 'eda84249-a431-4a47-9807-a74b8ec30df7', 1, 'i', 'test', '2015-02-27 15:33:00.741');
INSERT INTO appuser_appgroup (appuser_id, appgroup_id, rowidentifier, rowversion, change_action, change_user, change_time) VALUES ('020bf9c9-2fd9-4014-aa65-09463b3c9e56', 'ff94bfad-7079-41ea-bf4b-6962e36cad1f', '4b756401-3ccb-48e8-9993-633a9dcb6073', 1, 'i', 'test', '2015-02-27 16:27:02.988');


ALTER TABLE appuser_appgroup ENABLE TRIGGER ALL;

--
-- Data for Name: appuser_setting; Type: TABLE DATA; Schema: system; Owner: postgres
--

ALTER TABLE appuser_setting DISABLE TRIGGER ALL;



ALTER TABLE appuser_setting ENABLE TRIGGER ALL;

--
-- PostgreSQL database dump complete
--

